,unmasked_text,masked_text
200,"Hello Mr. Juston Keebler, This is to remind you of your set cognitive therapy appointment at unit 29164 of Cleveland Street, University on 12/85. Any wish to reschedule, drop us a mail Christ_Harber@gmail.com or ring (239)-4757904. You're charged $0.00b.","Hello [PREFIX_1] [FIRSTNAME_1] [LASTNAME_1], This is to remind you of your set [MEDICAL_1] at unit [BUILDINGNUMBER_1] of [STREET_1], [CITY_1] on [DATE_1]. Any wish to reschedule, drop us a mail [EMAIL_1] or ring [PHONENUMBER_1]. You're charged $[AMOUNT_1]."
201,"Dear Principal Interactions Executive, we've partnered with an NGO for a health camp next month. We'd love if you could coordinate the event. Reach out via Gussie_Champlin62@gmail.com or (974)-0416019 for more details.","Dear [JOBTITLE_1], we've partnered with an NGO for a [ORGANIZATION_1] next month. We'd love if you could coordinate the event. Reach out via [EMAIL_1] or [PHONENUMBER_1] for more details."
202,"Esteemed Judge Schuppe, I write seeking your valuable opinion on the constitutionality of certain laws in Douglas County. A call on (89)-7737 9842 at your earliest convenience would be appreciated.","Esteemed [JOBTITLE_1] [LASTNAME_1], I write seeking your valuable opinion on the constitutionality of certain laws in [COUNTY_1]. A call on [PHONENUMBER_1] at your earliest convenience would be appreciated."
203,Parent Volunteers required for craft supplies preparation for Teacher’s Appreciation Day. If you live in 91724-4349 are you available to help? Ring us at +77.586.114-4758.,Parent Volunteers required for craft supplies preparation for [ORGANIZATION_1]. If you live in [ZIPCODE_1] are you available to help? Ring us at [PHONENUMBER_1].
204,"In our upcoming ethics committee meeting, we need to discuss methods of protecting databases that collects personal patient data like 756.6471.8923, 85-022597-998145-7, 016-3146550. Darren McKenzie-Walker, can you spearhead this topic?","In our upcoming ethics committee meeting, we need to discuss methods of protecting databases that collects personal patient data like [SSN_1], [PHONEIMEI_1], [PHONENUMBER_1]. [FIRSTNAME_1] [LASTNAME_1], can you spearhead this topic?"
205,Looking for mindfulness-based therapy? Please contact Matilde Williamson-Hettinger on 1779-744 3205.,Looking for [MEDICAL_1]? Please contact [FIRSTNAME_1] [LASTNAME_1] on [PHONENUMBER_1].
206,"Hello Kathleen, wanted to bring to your attention that your scheduled therapy session is due on 10th September. To confirm or reschedule, contact us at Crystel.Stiedemann@hotmail.com or +668 346.700-7631. You can also follow us on Instagram @crystel_stiedemann."," Hello [FIRSTNAME_1], wanted to bring to your attention that your [MEDICAL_1] is due on [DATE_1]. To confirm or reschedule, contact us at [EMAIL_1] or [PHONENUMBER_1]. You can also follow us on Instagram [USERNAME_1]. "
207,"Dear Lottie Little, Just a simple reminder about our upcoming Parent-Teacher meeting. Kindly make sure that you attend the meeting. Here's our location: 50958 Collins Ridge, Port Cordieborough, Nidwalden. For more information, call 02626-964138 to talk with Jamaal","Dear [FIRSTNAME_1] [LASTNAME_1], Just a simple reminder about our upcoming [ORGANIZATION_1]. Kindly make sure that you attend the meeting. Here's our location: [BUILDINGNUMBER_1] [STREET_1], [CITY_1], [STATE_1]. For more information, call [PHONENUMBER_1] to talk with [FIRSTNAME_1]."
208,The conference venue for the oncology seminar is Tamara Throughway 35291 with Ima as speaker. Due to limited seating RSVP to Daren.Borer@hotmail.com or 04818-41480.,The conference venue for the [MEDICAL_1] seminar is [STREET_1] [BUILDINGNUMBER_1] with [FIRSTNAME_1] as speaker. Due to limited seating RSVP to [EMAIL_1] or [PHONENUMBER_1].
209,"Clay, a Legacy Program Analyst in the Metrics. I'd like to make an appointment for a dental consultation. Could you please call me at (777) 0908386 or email at Bernadette79@gmail.com? You can also reach me via my Facebook, clay_basketball_legacy.","[FIRSTNAME_1], a [JOBTITLE_1] in the [JOBAREA_1]. I'd like to make an appointment for a [MEDICAL_1]. Could you please call me at [PHONENUMBER_1] or email at [EMAIL_1]? You can also reach me via my Facebook, [USERNAME_1]."
210,The schedule for the next Direct Web Manager corporate training is now available. Confirm your participation at 059.094.6968.,The schedule for the next [JOBTITLE_1] corporate training is now available. Confirm your participation at [PHONENUMBER_1].
211,"Dear Parent, for any concerns regarding your child's performance in the Mobility exams, contact our helpline at (824)-0449875 or drop by our office located at 54014-8602 Apt. 701, 42433.","Dear Parent, for any concerns regarding your child's performance in the [JOBAREA_1] exams, contact our helpline at [PHONENUMBER_1] or drop by our office located at [ZIPCODE_1] [SECONDARYADDRESS_1], [BUILDINGNUMBER_1]."
212,"Hey Male, help needed for updating our career counseling module. We're trying to implement new features, need your Direct Creative Developer skills. Reachable on +277-17 741-2407. Thanks!","Hey [SEX_1], help needed for updating our [ORGANIZATION_1]. We're trying to implement new features, need your [JOBTITLE_1] skills. Reachable on [PHONENUMBER_1]. Thanks!"
213,"If any parent in 57905-8325 is involved in Science, Technology, Engineering, Art, and Math (STEAM) and wish to present a discussion/workshop, please call 07-27-75 07.37. Participation will be honored with Turkish Lira tokens. If your child suffers from asthma, please let us know.","If any parent in [ZIPCODE_1] is involved in [ORGANIZATION_1] and wish to present a discussion/workshop, please call [PHONENUMBER_1]. Participation will be honored with [CURRENCYNAME_1] tokens. If your child suffers from [MEDICAL_1], please let us know."
214,"This concerns the property located in 8800 Adams Circle, Port Emanueltown. Contact Leta Leuschke at 03 06.10 91 67 for more details.","This concerns the property located in [BUILDINGNUMBER_1] [STREET_1], [CITY_1]. Contact [FIRSTNAME_1] [LASTNAME_1] at [PHONENUMBER_1] for more details."
215,"To all our new Applications team members, welcome! Heart disease is a serious problem in the nation, so we are glad you are here to help. There is a training session on April 17, 1949. Don't forget to bring your employee ID card. For any queries regarding the session, contact us at 048.935-7623. Make sure to follow us on social media at heartdisease_prevention_US.","To all our new [JOBAREA_1] team members, welcome! [MEDICAL_1] is a serious problem in the nation, so we are glad you are here to help. There is a training session on [DOB_1]. Don't forget to bring your employee ID card. For any queries regarding the session, contact us at [PHONENUMBER_1]. Make sure to follow us on social media at [USERNAME_1]."
216,"Dear Jazmin_Heaney5, your health account with Personal Loan Account is due for renewal by 11 PM. Kindly process it ASAP. Reach us at 09430-872476.","Dear [USERNAME_1], your health account with [ACCOUNTNAME_1] is due for renewal by [TIME_1]. Kindly process it ASAP. Reach us at [PHONENUMBER_1]."
217,"Dear Legacy Identity Engineer, We would like to discuss the new regulations in primary care protocols. Trying to reach you on your mobile number +219 182.608-4182. Please get back to us at your convenience.","Dear [JOBTITLE_1], We would like to discuss the new regulations in [MEDICAL_1] protocols. Trying to reach you on your mobile number [PHONENUMBER_1]. Please get back to us at your convenience."
218,"Warren, please send me the finalized sales projections for next year. Send documents to my email Marta_Schuppe@yahoo.com. Call me later at (601) 2174515.","[FIRSTNAME_1], please send me the finalized sales projections for next year. Send documents to my email [EMAIL_1]. Call me later at [PHONENUMBER_1]."
219,Hello! Could you pass on these career choice resources to Amelie? He can be contacted at (978)-8155398. She’s looking to become an anesthesiologist who specializes in surgery patients. ,Hello! Could you pass on these career choice resources to [FIRSTNAME_1]? He can be contacted at [PHONENUMBER_1]. She’s looking to become an [JOBTITLE_1] who specializes in [MEDICAL_1] patients. 
220,I have a 77 years old parent who needs brain surgery. I am trying to understand the correct process. Could I get a call back on (536) 0314403 please?,I have a [AGE_1] old parent who needs [MEDICAL_1]. I am trying to understand the correct process. Could I get a call back on [PHONENUMBER_1] please?
221,Set an appointment for a preventive consultation at 4:37am. Kindly contact me on 032-344.8817. Name: Genderflux,Set an appointment for a preventive consultation at [TIME_1]. Kindly contact me on [PHONENUMBER_1]. Name: [FIRSTNAME_1]]
222,"Good day Arne Bruen. Here is a reminder for the cognitive therapy session you booked. It falls on 19/11/1965 at 7 PM and will take place at our facilities located at 6439, Abshire Flats, North Anjalitown. Send any inquiries to Adolfo_Klocko@yahoo.com or phone 00464-029923. Session cost is S593574.","Good day [FIRSTNAME_1] [LASTNAME_1]. Here is a reminder for the cognitive therapy session you booked. It falls on [DATE_1] at [TIME_1] and will take place at our facilities located at [BUILDINGNUMBER_1], [STREET_1], [CITY_1]. Send any inquiries to [EMAIL_1] or phone [PHONENUMBER_1]. Session cost is [CURRENCYSYMBOL_1][AMOUNT_1]."
223,"Modify order DE67040994470010410096 to include product 7AyOICi2RTyH, if not in stock notify at 042-5541592.","Modify order [IBAN_1] to include product [PASSWORD_1], if not in stock notify at [PHONENUMBER_1]."
224,"Dear Miss Carroll, We, at Nikolaus - Witting, are happy to inform that an amount of ₭788866 as educational fund has been approved to your account 19457425. Should there be any queries, reach out at 05.95.65.36-80 or Lenna.Jast40@yahoo.com.","Dear [PREFIX_1] [LASTNAME_1], We, at [COMPANYNAME_1], are happy to inform that an amount of [CURRENCYSYMBOL_1][AMOUNT_1] as educational fund has been approved to your account [ACCOUNTNUMBER_1]. Should there be any queries, reach out at [PHONENUMBER_1] or [EMAIL_1]."
225,"Please save the date - 4th December. Parents/ Teachers meet for Selina's class 19832-8300. For guidelines, contact 4995-601.5176. Selina will be on pregnancy leave soon, and she is getting a Cesarean section.","Please save the date - [DATE_1]. Parents/ Teachers meet for [FIRSTNAME_1]'s class [ZIPCODE_1]. For guidelines, contact [PHONENUMBER_1]. Selina will be on [MEDICAL_1] leave soon, and she is getting a [MEDICAL_1]."
226,"Coding Club meeting 4th February at Apt. 880 invites Mateo, David and others. For more info, call +652.34.275.2397.","Coding Club meeting [DATE_1] at [SECONDARYADDRESS_1] invites [FIRSTNAME_1], [FIRSTNAME_1] and others. For more info, call [PHONENUMBER_1]."
227,"Dear Mr. Jerde, We are writing to inform you that Beahan - Rodriguez will be undergoing a merger with Lemke, Ebert and Dicki. Rest assured, your Credit Card Account with us, numbered 75723030, will not be impacted. Should you have questions, please contact us at 00280.74710.","Dear [PREFIX_1] [LASTNAME_1], We are writing to inform you that [COMPANYNAME_1] will be undergoing a merger with [COMPANYNAME_1]. Rest assured, your [ACCOUNTNAME_1] with us, numbered [ACCOUNTNUMBER_1], will not be impacted. Should you have questions, please contact us at [PHONENUMBER_1]."
228,"A charge of P837124.05 was made on your account ending with 3825773419602352 from a new location. Please, contact us immediately at +43-13.979-7809 if you did not authorize this transaction.","A charge of [CURRENCYSYMBOL_1][AMOUNT_1] was made on your account ending with [MASKEDNUMBER_1] from a new location. Please, contact us immediately at [PHONENUMBER_1] if you did not authorize this transaction."
229,"Exciting News! Mystery Reading Parent (MRP) program is launching. Parents from 27541-1712, interested in becoming MRPs, can call us at 061 197-6951. Your contribution is appreciated!","Exciting News! [ORGANIZATION_1] program is launching. Parents from [ZIPCODE_1], interested in becoming [JOBTITLE_1], can call us at [PHONENUMBER_1]. Your contribution is appreciated!"
230,Cardiologist Trey indicates urgent need for angiography. Please confirm procedure on the given 64-322554-414809-7 device. Contact our office at +77-76.506 3416.,[JOBTITLE_1] [FIRSTNAME_1] indicates urgent need for [MEDICAL_1]. Please confirm procedure on the given [PHONEIMEI_1] device. Contact our office at [PHONENUMBER_1].
231,Patient with SSN: 774-52-7450 has a payment due. Please contact them at +94 960 869.0698.,Patient with SSN: [SSN_1] has a payment due. Please contact them at [PHONENUMBER_1].
232,Analyst to help with neuropsych research. Must be located in Fort Keaton. Contact 08140.276702.,[JOBTITLE_1] to help with [MEDICAL_1] research. Must be located in [CITY_1]. Contact [PHONENUMBER_1].
233,"Our Literacy Program has started accepting digital currencies (1wdJNxmqEcvLogy5tVLF9NMSRX2Hc3SmkqpkbYPA, Misb65KyjGt1wio7Z5JRKvgtuJkLSn). Join by scanning the QR Code and pay the enrollment fee. For enrollment queries, call us at +84 947-317.5008 or reach out to us on Facebook at LITERACYROCKS_100.","Our [ORGANIZATION_1] Program has started accepting digital currencies ([BITCOINADDRESS_1], [LITECOINADDRESS_1]). Join by scanning the QR Code and pay the enrollment fee. For enrollment queries, call us at [PHONENUMBER_1] or reach out to us on Facebook at [USERNAME_1]."
234,Just got a payment notification 0735-07258146 for 0.6499m. Check if it's in our ledger.,Just got a payment notification [PHONENUMBER_1] for [AMOUNT_1]. Check if it's in our ledger.
235,"HR Memo: Kenna Cameron Schowalter will be assuming the role of Regional Program Technician effective May 15, 1980. Address: 650 Zella Trafficway, Porterville, Warren County. Contact:  028.870 1555, Syble.Sanford-Franey65@gmail.com.","HR Memo: [FIRSTNAME_1] [MIDDLENAME_1] [LASTNAME_1] will be assuming the role of [JOBTITLE_1] effective [DATE_1]. Address: [BUILDINGNUMBER_1] [STREET_1], [CITY_1], [COUNTY_1]. Contact:  [PHONENUMBER_1], [EMAIL_1]."
236,"Our clinic in 82826 offers prenatal sessions every Southwest morning. Interested mothers can register by calling 05.95.65.36-80. Remember to provide your SSN, your Male's 1941-11-15T23:26:18.452Z and brown.","Our clinic in [ZIPCODE_1] offers [MEDICAL_1] sessions every [ORDINALDIRECTION_1] morning. Interested mothers can register by calling [PHONENUMBER_1]. Remember to provide your SSN, your [SEX_1]'s [DOB_1] and [EYECOLOR_1]."
237,"My name is Schaefer. I work in the Quality, interested in humanistic therapy. Would you call me at +83 69.578.9566?","My name is [LASTNAME_1]. I work in the [JOBAREA_1], interested in [MEDICAL_1]. Would you call me at [PHONENUMBER_1]?"
238,"Dear Arjun Logan, The Jaskolski, Jakubowski and Pouros is eager to step into discussions regarding your career growth. Kindly share your contact 070.9789558.","Dear [FIRSTNAME_1] [LASTNAME_1], The [COMPANYNAME_1] is eager to step into discussions regarding your career growth. Kindly share your contact [PHONENUMBER_1]."
239,"Looking forward, Miss, to contribute to your upcoming project in Endocrinology. We believe your unique perspective as a Consultant will add great value. Contact (248) 8021722 for more.","Looking forward, [PREFIX_1], to contribute to your upcoming project in [MEDICAL_1]. We believe your unique perspective as a [JOBTITLE_1] will add great value. Contact [PHONENUMBER_1] for more."
240,"To students taking up Principal Branding Developer role, balancing time will be essential, find resources by calling your advisor on +16-49 691 9173. To handle stress on the job, be sure to schedule psychotherapy sessions at our clinic. You can find more information on their Instagram @stress_free_work.","To students taking up [JOBTITLE_1] role, balancing time will be essential, find resources by calling your advisor on [PHONENUMBER_1]. To handle stress on the job, be sure to schedule [MEDICAL_1] sessions at our clinic. You can find more information on their Instagram [USERNAME_1]."
241,"Santiago66, you have been slated to present a talk on International Law at our yearly conference. If you need any support, reach us on 01.12 24.15 36.","[USERNAME_1], you have been slated to present a talk on [ORGANIZATION_1] at our yearly conference. If you need any support, reach us on [PHONENUMBER_1]."
242,"The mental health awareness event will be held on 25/02/1968 at Rodriguez Ports, 7972. More info: (229)-8705182 or Antone1@gmail.com","The [ORGANIZATION_1] event will be held on [DATE_1] at [STREET_1], [BUILDINGNUMBER_1]. More info: [PHONENUMBER_1] or [EMAIL_1]"
243,"Tiffany, we've received an application for Special Education Program at Goldner - Runte with your reference. Please confirm if this was done with your consent. Call us at 037.933.7778 for any queries.","[FIRSTNAME_1], we've received an application for [ORGANIZATION_1] at [COMPANYNAME_1] with your reference. Please confirm if this was done with your consent. Call us at [PHONENUMBER_1] for any queries."
244,"Hello Kristy Vandervort!! Refill notification! Your geriatric prescription refill is ready by June 13, 1903. kr623959.86 to collect. Contact at (11).0737 1076.",Hello [FIRSTNAME_1] [LASTNAME_1]!! Refill notification! Your [MEDICAL_1] refill is ready by [DATE_1]. [CURRENCYSYMBOL_1][AMOUNT_1] to collect. Contact at [PHONENUMBER_1].
245,"For Physics Olympiad registration, use account 90724849 and enter the 8378 during transaction. For queries, contact 016-4292734.","For [ORGANIZATION_1] registration, use account [ACCOUNTNUMBER_1] and enter the [PIN_1] during transaction. For queries, contact [PHONENUMBER_1]."
246,"Our database is secure, and your information, including SSN (425 48 8957) and contact (+52-06-087.2516), remains confidential. We respect your privacy during this journey.","Our database is secure, and your information, including SSN ([SSN_1]) and contact ([PHONENUMBER_1]), remains confidential. We respect your privacy during this journey."
247,Investigating Optimization sector. Subject is female person from Wayne County. Contact via 3243.564-0066 or email Destinee.Schulist36@gmail.com.,Investigating [JOBAREA_1] sector. Subject is [GENDER_1] person from [COUNTY_1]. Contact via [PHONENUMBER_1] or email [EMAIL_1].
248,"Completion of classroom management plan at 36940 for Money Market Account by 29th March. Secure it under 172.75.185.108, 36eJ3v9FkhytFNHEntgvvAe1gX, 756.6391.7219. Use 68587-4162 for tracking. Reach out at 084 125-4101 for relevant concerns.","Completion of classroom management plan at [BUILDINGNUMBER_1] for [ACCOUNTNAME_1] by [DOB_1]. Secure it under [IPV4_1], [BITCOINADDRESS_1], [SSN_1]. Use [ZIPCODE_1] for tracking. Reach out at [PHONENUMBER_1] for relevant concerns."
249,"Plan for classroom management for Home Loan Account is due on 1904-12-07T19:07:23.460Z. Secure it via 44.125.90.202, 3GhS8Dq8GJFV5Dfisy3T7TxFcxm9FVg6g, 137 29 7616. If any questions arise, use +785-538 395-9851. Get Female's ward approval.","Plan for classroom management for [ACCOUNTNAME_1] is due on [DOB_1]. Secure it via [IPV4_1], [BITCOINADDRESS_1], [SSN_1]. If any questions arise, use [PHONENUMBER_1]. Get [SEX_1]'s ward approval."
250,"Hello, Male to female transgender woman. We received your application and are reviewing it. We will follow up on +801 811.900-9074.","Hello, [GENDER_1]. We received your application and are reviewing it. We will follow up on [PHONENUMBER_1]."
251,"Hello, [GENDER_1] to [GENDER_1]. We received your application and are reviewing it. We will follow up on [PHONENUMBER_1].","Contact [PHONENUMBER_1] for assistance on securities law. Resident at [SECONDARYADDRESS_1], [CITY_1], [COUNTY_1], [STATE_1]."
252,"Contact [PHONENUMBER_1] for assistance on [ORGANIZATION_1]. Resident at [SECONDARYADDRESS_1], [CITY_1], [COUNTY_1], [STATE_1].","Hello Abby, I hope you are well. As a leading professional in Tyreebury, we believe that your insights into Social Emotional Learning will be greatly beneficial for our ongoing program. Please call us on (62)-2746.9435 to discuss further. Feel free to reach out on our Snapchat at ak1jkf_19355."
253,"To parents in 94025, wishing to lend a hand in serving meals during lunch. Please call 669-275-1932 to volunteer. Time slots will be allocated based on your availability.","To parents in [ZIPCODE_1], wishing to lend a hand in serving meals during lunch. Please call [PHONENUMBER_1] to volunteer. Time slots will be allocated based on your availability."
254,Failed transaction with 5117693126124094. Customer service contact: +07.76 250-9663.,Failed transaction with [CREDITCARDNUMBER_1]. Customer service contact: [PHONENUMBER_1].
255,"Miss Cisgender man McDermott, your claim for an amount of L468195.86 is waiting for approval. Kindly stay patient and reach us over call +61-72 857.6214 or email King.Renner74@hotmail.com or our Twitter @burgerlandTM if you need updates.","[PREFIX_1] [GENDER_1] [LASTNAME_1], your claim for an amount of [CURRENCYSYMBOL_1][AMOUNT_1] is waiting for approval. Kindly stay patient and reach us over call [PHONENUMBER_1] or email [EMAIL_1] or our Twitter [USERNAME_1] if you need updates."
256,"Joel.Heathcote31 has shown a lot of change in his behavior and academic performance. His parents, Ms. Mosciski, are quite pleased with the change. They can be contacted at 06 60 42.89 99.","[USERNAME_1] has shown a lot of change in his behavior and academic performance. His parents, [PREFIX_1] [LASTNAME_1], are quite pleased with the change. They can be contacted at [PHONENUMBER_1]."
257,"Hello, Savings Account has just contacted our hotline, 06582 388817, expressing their gratitude for our services related to healthcare accessibility. They would like to discuss more about it with our Officer.","Hello, [ACCOUNTNAME_1] has just contacted our hotline, [PHONENUMBER_1], expressing their gratitude for our services related to healthcare accessibility. They would like to discuss more about it with our [JOBTYPE_1]."
258,"Dear Rosie, our record shows that your life insurance policy needs to be updated in your estate plan handled by us. Can you please confirm via 076.400-7957 call or Allison18@hotmail.com?","Dear [FIRSTNAME_1], our record shows that your [ORGANIZATION_1] policy needs to be updated in your estate plan handled by us. Can you please confirm via [PHONENUMBER_1] call or [EMAIL_1]?"
259,"Miss Grady, could you please give us your input on the upcoming extracurricular activities? We value your insightful ideas. You can reach us at (60)-4672 4559.","[PREFIX_1] [LASTNAME_1], could you please give us your input on the upcoming extracurricular activities? We value your insightful ideas. You can reach us at [PHONENUMBER_1]."
260,"Nathan Parker Bernhard, your student evaluation is due soon. The deadline is March 22, 1991. Please make sure to finish before the time ends. If you require assistance, contact us at 020 127-1469 or Sally_Stanton95@gmail.com. Your vaccination is also due.","[FIRSTNAME_1] [MIDDLENAME_1] [LASTNAME_1], your student evaluation is due soon. The deadline is [DATE_1]. Please make sure to finish before the time ends. If you require assistance, contact us at [PHONENUMBER_1] or [EMAIL_1]. Your [MEDICAL_1] is also due."
261,"Russ Emard, to confirm your colonoscopy appointment on 09/08/2016 at 5, please use this link https://needy-cost.info and your credentials Kali_Haag and 5fBTxDiVo7_v. Problems? Contact us by phone 0349-09764567 or email Jaime50@hotmail.com.","[FIRSTNAME_1] [LASTNAME_1], to confirm your [MEDICAL_1] appointment on [DATE_1] at [TIME_1], please use this link [URL_1] and your credentials [USERNAME_1] and [PASSWORD_1]. Problems? Contact us by phone [PHONENUMBER_1] or email [EMAIL_1]."
262,"Finley, we have flagged an unauthorised transaction on your account 56578234. Please confirm at 069.0487926 using the PIN 2100.","[MIDDLENAME_1], we have flagged an unauthorised transaction on your account [ACCOUNTNUMBER_1]. Please confirm at [PHONENUMBER_1] using the PIN [PIN_1]."
263,Client 18179824 from 79345 wants an in-depth discussion about their account. Their contact number is 09612-224475.,Client [ACCOUNTNUMBER_1] from [ZIPCODE_1] wants an in-depth discussion about their account. Their contact number is [PHONENUMBER_1].
264,"Dear Mrs. Gaston Riley Murphy, This is a reminder for your HPV screening appointment scheduled for 2nd February at 12. The location is 12204, Kutch Walks, South Maximusfort, Ohio, 88654. Please call us at +167 23-388 5781 if you need to reschedule.","Dear [PREFIX_1] [FIRSTNAME_1] [MIDDLENAME_1] [LASTNAME_1], This is a reminder for your [MEDICAL_1] appointment scheduled for [DATE_1] at [TIME_1]. The location is [BUILDINGNUMBER_1], [STREET_1], [CITY_1], [STATE_1], [ZIPCODE_1]. Please call us at [PHONENUMBER_1] if you need to reschedule."
265,"Dr. Dickens, your medical imaging appointment is 1980-05-18T01:01:59.829Z at 11 AM. If you need to reschedule, please call 0893-14062339 before 24 hours.","[PREFIX_1] [LASTNAME_1], your [MEDICAL_1] appointment is [DATE_1] at [TIME_1]. If you need to reschedule, please call [PHONENUMBER_1] before 24 hours."
266,"Austin, a health checkup has been scheduled at your nearest affiliated clinic. You can reach out to +153 916.365 9069 for any queries. Look forward to your positive response at Tressa.Hackett86@hotmail.com.","[MIDDLENAME_1], a [MEDICAL_1] has been scheduled at your nearest affiliated clinic. You can reach out to [PHONENUMBER_1] for any queries. Look forward to your positive response at [EMAIL_1]."
267,"Dr. Angel Renner, with SSN 110-81-9044, is charged with wire fraud over the sum of ฿266.4k. Contact through phone number 8294 760.9173 or email Emmalee26@hotmail.com.","[PREFIX_1] [FIRSTNAME_1] [LASTNAME_1], with SSN [SSN_1], is charged with wire fraud over the sum of [CURRENCYSYMBOL_1][AMOUNT_1]. Contact through phone number [PHONENUMBER_1] or email [EMAIL_1]."
268,We received a call in Directives department from the worker with the phone number 010.9738-8552. Claimed for Unpaid Overtime.,We received a call in [JOBAREA_1] department from the worker with the phone number [PHONENUMBER_1]. Claimed for Unpaid Overtime.
269,"Dear Stakeholder, We appreciate your continued support for Rempel and Sons. We will get in touch with you via 0071 60944670 on 31/01/1992 to discuss our newest initiatives.","Dear Stakeholder, We appreciate your continued support for [COMPANYNAME_1]. We will get in touch with you via [PHONENUMBER_1] on [DATE_1] to discuss our newest initiatives."
270,"kiki_slayder2004 is seeking legal advice, could you connect via phone +1 (800) 456-9012?","[USERNAME_1] is seeking legal advice, could you connect via phone [PHONENUMBER_1]?"
271,"Dear Parents, the lost and found bin in school is overflowing! Parents located at 10156-4613 may come by to claim items. For details, call us at 035.160-7891. Be sure to schedule your kid’s annual flu shot.","Dear Parents, the lost and found bin in school is overflowing! Parents located at [ZIPCODE_1] may come by to claim items. For details, call us at [PHONENUMBER_1]. Be sure to schedule your kid’s annual [MEDICAL_1]."
272,"Elmer's school meals balance is at Kuwaiti Dinar RM, to be paid to discover. Contact +09-303.658 9246 for card issues.","[FIRSTNAME_1]'s school meals balance is at [CURRENCY_1] [CURRENCYSYMBOL_1], to be paid to [CREDITCARDISSUER_1]. Contact [PHONENUMBER_1] for card issues."
273,"To access the full version of the new self-paced courses, ensure Bitcoin address 37Ly5aiQUUsCdSGcLz8BhPEMxkGekd7rRUBLbJH4 is funded. The total cost is P862039.05. Should you have any issues, do not hesitate to contact our support line at 00165.201662 or direct message us on Instagram @heLp_is_cOstly.","To access the full version of the new self-paced courses, ensure Bitcoin address [BITCOINADDRESS_1] is funded. The total cost is [CURRENCYSYMBOL_1][AMOUNT_1]. Should you have any issues, do not hesitate to contact our support line at [PHONENUMBER_1] or direct message us on Instagram [USERNAME_1]."
274,In need of urgent attention. Found suspicious endocrine patterns in our 6 years old Demi-woman dataset. Get in touch 004-8954-2874.,In need of urgent attention. Found suspicious [MEDICAL_1] patterns in our [AGE_1] old [GENDER_1] dataset. Get in touch [PHONENUMBER_1].
275,"Greetings Estella, we detected a technical issue related to your diagnostic system with IP: 166.110.14.98. Please contact us at +12.196 182 2449 for assistance.","Greetings [FIRSTNAME_1], we detected a technical issue related to your diagnostic system with IP: [IPV4_1]. Please contact us at [PHONENUMBER_1] for assistance."
276,"Hello Edgar, please join us to a transdisciplinary psycho-oncology course essential for Security personnel. Visit https://wide-eyed-variable.biz/ for more details about the structure of the course and kindly confirm your attendance through 011.0374177. Regards, Altenwerth","Hello [FIRSTNAME_1], please join us to a transdisciplinary [MEDICAL_1] course essential for [JOBAREA_1] personnel. Visit [URL_1] for more details about the structure of the course and kindly confirm your attendance through [PHONENUMBER_1]. Regards, [LASTNAME_1]"
277,"Plan for Checking Account classroom management and the Yang Immunology Research Lab. Required documents secured under 148.193.74.178, 1FK21eVCQ3BjVJ4WZoenTu8KhP8qed387PdEFJfA, 75645954965. Updates due by 6/88, contact 08 1027.5554 for concerns. Male's rep should sign-off. Suite 546 provided as alternative address.","Plan for [ACCOUNTNAME_1] classroom management and the [ORGANIZATION_1. Required documents secured under [IPV4_1], [BITCOINADDRESS_1], [SSN_1]. Updates due by [DOB_1], contact [PHONENUMBER_1] for concerns. [SEX_1]'s rep should sign-off. [SECONDARYADDRESS_1] provided as alternative address."
278,"Hello Harmon, our team in Lake Jamison is researching on Social Emotional Learning. Please share your findings with us. Call us on +45 395.094.7405.","Hello [FIRSTNAME_1], our team in [CITY_1] is researching on [ORGANIZATION_1]. Please share your findings with us. Call us on [PHONENUMBER_1]."
279,"On behalf of Grant Rory, a claim has been filed associated with an accident on June 24, 1962. The vehicle concerned carries the VRM RE99NQG. Reach us at 0504 54007995 or Mary.OKeefe38@yahoo.com for more information.","On behalf of [FIRSTNAME_1] [LASTNAME_1], a claim has been filed associated with an accident on [DATE_1]. The vehicle concerned carries the VRM [VEHICLEVRM_1]. Reach us at [PHONENUMBER_1] or [EMAIL_1] for more information."
280,"Hello Ms. Edd, Your account Auto Loan Account number 44173282 has a balance of 472551.33 Moroccan Dirham. Please make sure to clear it by end of this month. You can contact us on 004.512-0488 or Leatha.Steuber@hotmail.com for any financial concerns regarding your therapy sessions.","Hello [PREFIX_1] [LASTNAME_1], Your account [ACCOUNTNAME_1] number [ACCOUNTNUMBER_1] has a balance of [AMOUNT_1] [CURRENCYNAME_1]. Please make sure to clear it by end of this month. You can contact us on [PHONENUMBER_1] or [EMAIL_1] for any financial concerns regarding your [MEDICAL_1] sessions."
281,"Opening of the new arts section on 14/06/1946 in Corsica. Looking forward to seeing you there. For further queries, contact 07908.87710.","Opening of the new arts section on [DOB_1] in [STATE_1]. Looking forward to seeing you there. For further queries, contact [PHONENUMBER_1]."
282,"Good news for Male over 60, free chiropractic sessions are available for you all. More info on New Leu. Call us at 042-4881206.","Good news for [SEX_1] over [AGE_1], free [MEDICAL_1] sessions are available for you all. More info on [CURRENCYNAME_1]. Call us at [PHONENUMBER_1]."
283,"Dear Gillian, we've sent a link to your email: Julia.Casper@yahoo.com which allows you to download high-res versions of your CT scan. Parkinson’s Disease is not something you should face alone. If you did not receive the link, call (71) 4087.6145.","Dear [FIRSTNAME_1], we've sent a link to your email: [EMAIL_1] which allows you to download high-res versions of your [MEDICAL_1]. [MEDICAL_1] is not something you should face alone. If you did not receive the link, call [PHONENUMBER_1]."
284,"Dear Senior Integration Agent, regarding patient number 4666774796602688 born on 14/12/1936, we've observed positive progress. Though their 27 years presents some challenges, we believe our efforts are fruitful. Contact us via https://well-made-android.net or 0277 34235336 at 1 AM for detailed updates.","Dear [JOBTITLE_1], regarding patient number [MASKEDNUMBER_1] born on [DOB_1], we've observed positive progress. Though their [AGE_1] presents some challenges, we believe our efforts are fruitful. Contact us via [URL_1] or [PHONENUMBER_1] at [TIME_1] for detailed updates."
285,One of the most interesting facts we discovered in our Positive Psychology research is the correlation between health and Data. Any questions? Dial (92).9213-1272 for more insights.,One of the most interesting facts we discovered in our Positive Psychology research is the correlation between health and [JOBAREA_1]. Any questions? Dial [PHONENUMBER_1] for more insights.
286,"On 3/23 at 3 PM, Dr. Edyth Drew Franecki will conduct an interactive session on the impact of social media on individual behavior. For inquiries, contact us at 050.0154004 or Verona_Moore28@hotmail.com.","On [DATE_1] at [TIME_1], [PREFIX_1] [FIRSTNAME_1] [MIDDLENAME_1] [LASTNAME_1] will conduct an interactive session on the impact of social media on individual behavior. For inquiries, contact us at [PHONENUMBER_1] or [EMAIL_1]."
287,"Dear Macie, we'd like to discuss the progress of Bret in the Gifted Education Program. Can you reach us at (04)-2595-4749 or Esther41@hotmail.com?","Dear [FIRSTNAME_1], we'd like to discuss the progress of [FIRSTNAME_2] in the [ORGANIZATION_1]. Can you reach us at [PHONENUMBER_1] or [EMAIL_1]?"
288,"I was at [76.1651,-175.3911] when I received your call 09.09 85 09.33 regarding the legal ethics conference. Thank you for bringing Corporate Integration Supervisor Joy Abernathy to discuss ethical dilemmas in our Web.",I was at [NEARBYGPSCOORDINATE_1] when I received your call [PHONENUMBER_1] regarding the [ORGANIZATION_1]. Thank you for bringing [JOBTITLE_1] [FIRSTNAME_1] [LASTNAME_1] to discuss ethical dilemmas in our [JOBAREA_1].
289,"""Hello Transgender female, We've noticed multiple logins from your account Mozilla/5.0 (Macintosh; U; Intel Mac OS X 10_7_2)  AppleWebKit/532.2.0 (KHTML, like Gecko) Chrome/36.0.884.0 Safari/532.2.0 over the past few days. It could be a security issue, please contact us at +64-85 822-9567""","""Hello [GENDER_1], We've noticed multiple logins from your account [USERAGENT_1] over the past few days. It could be a security issue, please contact us at [PHONENUMBER_1]"""
290,Medical studies suggest that people with Leukemia are more susceptible to XYD disease. Check with your local GP or call us on 08907-491442.,Medical studies suggest that people with [MEDICAL_1] are more susceptible to XYD disease. Check with your local GP or call us on [PHONENUMBER_1].
291,"Subject: Education Fund Approval - Alfred Little. Bettie, your request for an educational fund of J$237,190.56 has been processed. Contact us on +389 87-323 9633 or Curt35@gmail.com for any queries.","Subject: Education Fund Approval - [FIRSTNAME_1] [LASTNAME_1]. [FIRSTNAME_2], your request for an educational fund of [CURRENCYSYMBOL_1][AMOUNT_1] has been processed. Contact us on [PHONENUMBER_1] or [EMAIL_1] for any queries."
292,"Patient Wava Hagenes, your surgical procedure has been scheduled for 1971-09-28T07:46:15.090Z at 22 o'clock. Please plan to arrive at 60271 Ernestina Hills. Contact us at this phone number +617.561.259-0606 for further clarifications.","Patient [FIRSTNAME_1] [LASTNAME_1], your [MEDICAL_1] procedure has been scheduled for [DATE_1] at [TIME_1]. Please plan to arrive at [BUILDINGNUMBER_1] [STREET_1]. Contact us at this phone number [PHONENUMBER_1] for further clarifications."
293,"Need a East Jed property's legal documentation. Contact person: Coralie Hermiston, Ph: 0001.10919471, or Email Josiane71@hotmail.com, or DM @eastjedsocal..","Need a [CITY_1] property's legal documentation. Contact person: [FIRSTNAME_1] [LASTNAME_1], Ph: [PHONENUMBER_1], or Email [EMAIL_1], or DM [USERNAME_1].."
294,Diagnostic tool for my car is not responding. The vehicle's VIN is ND4PMLV4ZARP42585 and VRM is DI68FAH. There's no response on 2318 059 2606 as well,Diagnostic tool for my car is not responding. The vehicle's VIN is [VEHICLEVIN_1] and VRM is [VEHICLEVRM_1]. There's no response on [PHONENUMBER_1] as well
295,"Franchise 9957029551439102 at Kshlerin Cove, Hayden, showing unrecorded transactions. Please validate at +63.97-501 5218 using 9995 for secure access.","Franchise [CREDITCARDNUMBER_1] at [STREET_1], [MIDDLENAME_1], showing unrecorded transactions. Please validate at [PHONENUMBER_1] using [PIN_1] for secure access."
296,Patient case- 75680276229: Diagnosed with a collapsed disc in the spine. Is currently 149cm. Will require multiple sessions. ₨ will be required per session. Please contact on +866.045.929 0550.,Patient case- [SSN_1]: Diagnosed with a [MEDICAL_1] in the spine. Is currently [HEIGHT_1]. Will require multiple sessions. [CURRENCYSYMBOL_1] will be required per session. Please contact on [PHONENUMBER_1].
297,"Hey team, I need to schedule a physical therapy session for Jillian Kozey. She's a 61 years Female from West Art. I need someone who specializes in seniors' therapy. Respond to confirm or contact me at +645-350.168-5312.","Hey team, I need to schedule [MEDICAL_1] session for [FIRSTNAME_1] [LASTNAME_1]. She's a [AGE_1] [SEX_1] from [CITY_1]. I need someone who specializes in [JOBAREA_1]. Respond to confirm or contact me at [PHONENUMBER_1]."
298,"Hello Miles. Just want to update our company, Ernser - Becker's change management plan. Feel free to reach me on my new number (95) 2600-9158 or Elliot10@gmail.com.","Hello [FIRSTNAME_1]. Just want to update our company, [COMPANYNAME_1]'s change management plan. Feel free to reach me on my new number [PHONENUMBER_1] or [EMAIL_1]."
299,How is the effectiveness of the reflexology therapy? You can send the details to +31-975-008 4700 or Gilda84@gmail.com. Do mention about costs.,How is the effectiveness of the [MEDICAL_1]? You can send the details to [PHONENUMBER_1] or [EMAIL_1]. Do mention about costs.
1099,"Rosemary.King27, do you think your experience as a Solutions specialist would contribute to our work in psycho-oncology? We're reachable at https://evergreen-hug.info and 099 337-6244.","[USERNAME_1], do you think your experience as a [JOBAREA_1] specialist would contribute to our work in [MEDICAL_1]? We're reachable at [URL_1] and [PHONENUMBER_1]."
1100,"Hello, as Direct Security Assistant in Saxony, you are invited to attend a workshop on Transformational Leadership in Education, scheduled to take place at the main Conference Hall at Apt. 318. Please confirm attendance to 046.1458029.","Hello, as [JOBTITLE_1] in [STATE_1], you are invited to attend a workshop on Transformational Leadership in Education, scheduled to take place at the main Conference Hall at [BUILDINGNUMBER_1]. Please confirm attendance to [PHONENUMBER_1]."
1101,"Safety incident reported on Funk Expressway at 12:35, please redirect all communications to 02348 32889. Personal Loan Account has been alerted.","Safety incident reported on [STREET_1] at [TIME_1], please redirect all communications to [PHONENUMBER_1]. [ACCOUNTNAME_1] has been alerted."
1102,We offer telemedicine to 24408-7904 residents. Contact us on (840).7826633 for more information.,We offer telemedicine to [ZIPCODE_1] residents. Contact us on [PHONENUMBER_1] for more information.
1103,"Dermatology Clinic Confirmation: Name - Austin, Date - 1953-03-07T06:11:38.984Z, Time - 10:00 AM. If you need help, reach us on 08112.980430.","[ORGANIZATION_1] Confirmation: Name - [FIRSTNAME_1], Date - [DATE_1], Time - 10:00 AM. If you need help, reach us on [PHONENUMBER_1]."
1104,We are conducting a study in Accounts to understand the nutritional intake of school children. For further information please contact the Consultant of our team on this mobile number (12).2475 9317.,We are conducting a study in [JOBAREA_1] to understand the nutritional intake of school children. For further information please contact the [JOBTITLE_1] of our team on this mobile number [PHONENUMBER_1].
1105,"Dear Adolf, we have recently upgraded our diagnostic software which detected a login from an unfamiliar IP: 97.52.3.104. If unfamiliar, contact us at +130-962.105-8079.","Dear [FIRSTNAME_1], we have recently upgraded our diagnostic software which detected a login from an unfamiliar IP: [IPV4_1]. If unfamiliar, contact us at [PHONENUMBER_1]."
1106,"Dr. Nelda, your advice on Anastacioville market landscape can be pivotal. Call us on (54).9364-3209 or +43-907.845.7016.","[PREFIX_1] [LASTNAME_1], your advice on [CITY_1] market landscape can be pivotal. Call us on [PHONENUMBER_1] or [PHONENUMBER_1]."
1107,"Our annual visit to the Abruzzo museum is just around the corner. Get your child ready to learn about history and art! For any doubts or queries, you can contact us on the following number: 016-5409.4590.","Our annual visit to the [STATE_1] museum is just around the corner. Get your child ready to learn about history and art! For any doubts or queries, you can contact us on the following number: [PHONENUMBER_1]."
1108,"Literacy program starts on 23/03/1935. Event details sent to your email, Brionna_Kirlin77@gmail.com. For queries, contact 02-75.74-09-41.","Literacy program starts on [DATE_1]. Event details sent to your email, [EMAIL_1]. For queries, contact [PHONENUMBER_1]."
1109,"Re: Trademark dispute of Johnston and Sons. Complaint has been lodged in Borders, Wisconsin court. Opposition's attorney Vinnie can be reached at 0560-76066548. For settlement details, connect with our in-house attorney at Garett64@yahoo.com.","Re: Trademark dispute of [ORGANIZATION_1]. Complaint has been lodged in [COUNTY_1], [STATE_1] court. Opposition's attorney [FIRSTNAME_1] can be reached at [PHONENUMBER_1]. For settlement details, connect with our in-house attorney at [EMAIL_1]."
1110,"Dear Nikki, based on your account number 29407041, we have dispatched the medication for you. For any queries, please feel free to reach us at 02892-245905.","Dear [FIRSTNAME_1], based on your account number [ACCOUNTNUMBER_1], we have dispatched the [MEDICAL_1] for you. For any queries, please feel free to reach us at [PHONENUMBER_1]."
1111,"Rupert, your request as the Central Quality Strategist has been processed. Softcopy materials will be sent to your Wyman14@yahoo.com. For other queries, call us on +00-194-409.1007","[FIRSTNAME_1], your request as the [JOBTITLE_1] has been processed. Softcopy materials will be sent to your [EMAIL_1]. For other queries, call us on [PHONENUMBER_1]"
1112,"Hello Mrs. Nikolaus, we've found a missing document related to the Zackaryfurt city ordinance against Konopelski - Kutch. Please send it ASAP. Call us at 044 346.2730 for more information.","Hello [PREFIX_1] [LASTNAME_1], we've found a missing document related to the [CITY_1] city ordinance against [ORGANIZATION_1]. Please send it ASAP. Call us at [PHONENUMBER_1] for more information."
1113,"Just a quick memo that the change management training for Infrastructure department will be on August 25, 1933 at 13. Contact Amelie on 9544 384 3751 or Riley_Klocko@yahoo.com for any concerns.",Just a quick memo that the change management training for [JOBAREA_1] department will be on [DATE_1] at [TIME_1]. Contact [FIRSTNAME_1] on [PHONENUMBER_1] or [EMAIL_1] for any concerns.
1114,"Concepcion Kovacek has a scheduled oncology appointment. Make sure that her contact information (89-578048-125375-0, 1156 401 8454) is well noted.","[FIRSTNAME_1] [LASTNAME_1] has a scheduled [MEDICAL_1] appointment. Make sure that her contact information ([PHONEIMEI_1], [PHONENUMBER_1]) is well noted."
1115,"1. Request for legal aid regarding Civil Rights violation. Anya Kennedy Quigley, Female living in Monroe County, New York born 1913-08-17T09:30:46.616Z. Contact on 010 6502-9794 or Sierra_White66@hotmail.com. Legal docs can be sent to Casper Loaf 36782, Suite 328, 84832-9164.","1. Request for legal aid regarding Civil Rights violation. [FIRSTNAME_1] [MIDDLENAME_1] [LASTNAME_1], [SEX_1] living in [COUNTY_1], [STATE_1] born [DOB_1]. Contact on [PHONENUMBER_1] or [EMAIL_1]. Legal docs can be sent to [STREET_1] [BUILDINGNUMBER_1], [BUILDINGNUMBER_1], [ZIPCODE_1]."
1116,"I am Alanis Reese, principal of the school. Feel free to contact me anytime at +02-866 679.1057 or Haylie_Lakin81@gmail.com. Keeping open channels of communication will benefit us all, especially our students.","I am [FIRSTNAME_1] [MIDDLENAME_1], [JOBTITLE_1] of the school. Feel free to contact me anytime at [PHONENUMBER_1] or [EMAIL_1]. Keeping open channels of communication will benefit us all, especially our students."
1117,"Hello Ms. Wolf, Hope you are doing great. We could use your expert input in organizing new extracurricular activities. If you are interested, do call us at (485)-5021789.","Hello [PREFIX_1] [LASTNAME_1], Hope you are doing great. We could use your expert input in organizing new extracurricular activities. If you are interested, do call us at [PHONENUMBER_1]."
1118,"For the upcoming camping trip, we will be setting up our camp at Northwest and exploring trails nearby. A detailed itinerary will be shared soon on the school website. Contact us for any queries at 5355.922 8426.","For the upcoming camping trip, we will be setting up our camp at [ORDINALDIRECTION_1] and exploring trails nearby. A detailed itinerary will be shared soon on the school website. Contact us for any queries at [PHONENUMBER_1]."
1119,"Rosalia.Carroll34, your online training on Individualized Education Programs (IEPs) starts at 18:57. Use this link: https://acrobatic-contrast.info. Any issues, call us on (934)-9649598.","[USERNAME_1], your online training on Individualized Education Programs (IEPs) starts at [TIME_1]. Use this link: [URL_1]. Any issues, call us on [PHONENUMBER_1]."
1120,"Transfer funds for Alvera's meal plan. Send Tugrik $ to PK19EANX8800109608050723. For assistance, call us on 023-5980057 with the device having Opera/13.26 (Macintosh; Intel Mac OS X 10.7.2 U; MY Presto/2.9.160 Version/11.00).","Transfer funds for [FIRSTNAME_1]'s meal plan. Send [CURRENCY_1] [CURRENCYSYMBOL_1] to [IBAN_1]. For assistance, call us on [PHONENUMBER_1] with the device having [USERAGENT_1]."
1121,"Dear, Mr. Boehm. Please make note of Ethelyn11 misbehaviour in today's class. We have to notify the parent with this contact number (26).6842-1909 about the situation. Also, remember to keep the conversation observational and objective.","Dear, [PREFIX_1] [LASTNAME_1]. Please make note of [USERNAME_1] misbehaviour in today's class. We have to notify the parent with this contact number [PHONENUMBER_1] about the situation. Also, remember to keep the conversation observational and objective."
1122,"Hi Mrs. Larson, we are glad to inform you about an upcoming group session on Humanistic Therapy, taking place on 02/11/1954 in Fort Tommie. We hope to see you there. Reach out to us at Dayna.Turner@hotmail.com or through 05808.326654 for further details.","Hi [PREFIX_1] [LASTNAME_1], we are glad to inform you about an upcoming group session on [MEDICAL_1], taking place on [DATE_1] in [CITY_1]. We hope to see you there. Reach out to us at [EMAIL_1] or through [PHONENUMBER_1] for further details."
1123,"Legal representation granted to Elena Windler, injured on 19/01/2016. Claims lodged against the driver of the vehicle BN50ODN. Reach out at 018-016.1726 or email at Jerad.Kiehn@gmail.com for further queries.","Legal representation granted to [FIRSTNAME_1] [LASTNAME_1], injured on [DATE_1]. Claims lodged against the driver of the vehicle [VEHICLEVRM_1]. Reach out at [PHONENUMBER_1] or email at [EMAIL_1] for further queries."
1124,"""Hello Ruthie, please provide the school with your students' emergency contact 07 7871.9803 and an additional Suite 866 by next week.""","""Hello [FIRSTNAME_1], please provide the school with your students' emergency contact [PHONENUMBER_1] and an additional [BUILDINGNUMBER_1] by next week."""
1125,Injured at work on 14/06/1923. Due to supervisor's negligence at Ritchie - Lindgren. Contact 038.1404-6298.,Injured at work on [DATE_1]. Due to supervisor's negligence at [ORGANIZATION_1]. Contact [PHONENUMBER_1].
1126,"During recent research on cognitive behaviour, we've been using a server at af6e:3e38:bdc3:aba5:f637:fd7c:a69a:a74a within Roystad county to access data. Patient Gwen Riley Marvin took part in the study. For further details, please contact the assigned Manager on 04-0425 4543.","During recent research on cognitive behaviour, we've been using a server at [IPV6_1] within [COUNTY_1] to access data. Patient [FIRSTNAME_1] [MIDDLENAME_1] [LASTNAME_1] took part in the study. For further details, please contact the assigned [JOBTYPE_1] on [PHONENUMBER_1]."
1127,"Shakira, the requested policy has been processed for Tanzanian Shilling 891461.62. You will receive an original hard copy at your address 29220, Arch Mill, West Ayla, 65556-3174 within 7 business days. You can reach out to us at 041.7559.9970.","[FIRSTNAME_1], the requested policy has been processed for [CURRENCY_1] [AMOUNT_1]. You will receive an original hard copy at your address [BUILDINGNUMBER_1], [STREET_1], [CITY_1], [ZIPCODE_1] within 7 business days. You can reach out to us at [PHONENUMBER_1]."
1128,"Hi Precious, there's a literacy program at the community center in East Mae. Contact 5696 854 6460 for details.","Hi [FIRSTNAME_1], there's a literacy program at the community center in [CITY_1]. Contact [PHONENUMBER_1] for details."
1129,"Dear parents, we're introducing a new behavior management platform. Please register using Apt. 841 and secure it with j3L3lduDT0_g. Direct any queries to 001.5487348.","Dear parents, we're introducing a new behavior management platform. Please register using [BUILDINGNUMBER_1] and secure it with [PASSWORD_1]. Direct any queries to [PHONENUMBER_1]."
1130,"Mrs. Hoeger, we are trying to organize some special extracurricular activities for the students. Your guidance is much needed! Please call me at 003.1797-7405 to discuss further.","[PREFIX_1] [LASTNAME_1], we are trying to organize some special extracurricular activities for the students. Your guidance is much needed! Please call me at [PHONENUMBER_1] to discuss further."
1131,Payment of CFA Franc BCEAO via GR230087027709667Y64P6O23F6 for new device. Check with 01 33 69 05.35 for verification.,Payment of [CURRENCY_1] via [IBAN_1] for new device. Check with [PHONENUMBER_1] for verification.
1132,"I am Ms. Kaylin Brooklyn Mosciski from Langosh, Herman and McGlynn's Implementation department, and I am looking for ways to contribute to your Social Responsibility Program. You may reach out to me at 0661.274.7933 for further discussion.","I am [PREFIX_1] [FIRSTNAME_1] [MIDDLENAME_1] [LASTNAME_1] from [ORGANIZATION_1]'s [JOBAREA_1] department, and I am looking for ways to contribute to your Social Responsibility Program. You may reach out to me at [PHONENUMBER_1] for further discussion."
1133,"To monitor your child's online class attendance and behavior reports, login to our parent portal at Apt. 201 using KMC0Ck66u4xE. If assistance is needed, call us at (006) 3185072.","To monitor your child's online class attendance and behavior reports, login to our parent portal at [BUILDINGNUMBER_1] using [PASSWORD_1]. If assistance is needed, call us at [PHONENUMBER_1]."
1134,"Makenna, you might want to take a look at the latest accessibility report from our Strategist. It contains crucial data on the health outcomes of people in our care. Call them at (82)-0209.5525.","[FIRSTNAME_1], you might want to take a look at the latest accessibility report from our [JOBTITLE_1]. It contains crucial data on the health outcomes of people in our care. Call them at [PHONENUMBER_1]."
1135,"Parents of athletes in our school, residing in 79421-0032, please join us for a meeting to discuss our athletic program upgrades. RSVP at 084 154.5361. Let's shape the future together!","Parents of athletes in our school, residing in [ZIPCODE_1], please join us for a meeting to discuss our athletic program upgrades. RSVP at [PHONENUMBER_1]. Let's shape the future together!"
1136,"Participants are needed for a study in psycho-oncology. We are looking for individuals of 89 years years and above of any gender. Are you interested in participating? If so, contact us at https://pristine-garlic.net or +12.110 580.4746.","Participants are needed for a study in psycho-oncology. We are looking for individuals of [AGE_1] years and above of any gender. Are you interested in participating? If so, contact us at [URL_1] or [PHONENUMBER_1]."
1137,"For prompt service for any technology support within Borders, please dial 03 05.69.21-46 and provide them the eb:97:3e:c9:32:c1.","For prompt service for any technology support within [COUNTY_1], please dial [PHONENUMBER_1] and provide them the [MAC_1]."
1138,"In line with new tax laws, transactions from your account Personal Loan Account (number 99239538) must be reviewed. Need your password l7GUD1mvUzTg to proceed. Call me at 0907-34254272.","In line with new tax laws, transactions from your account [ACCOUNTNAME_1] (number [ACCOUNTNUMBER_1]) must be reviewed. Need your password [PASSWORD_1] to proceed. Call me at [PHONENUMBER_1]."
1139,Can I contact T* woman to gather more background information? 00744.496126 is it right?,Can I contact [GENDER_1] to gather more background information? [PHONENUMBER_1] is it right?
1140,"Ms. Mills, your oncology treatment payments have been charged to Savings Account. If there is any discrepancy, kindly contact us on 07-03-39-19.17.","[PREFIX_1] [LASTNAME_1], your [MEDICAL_1] payments have been charged to [ACCOUNTNAME_1]. If there is any discrepancy, kindly contact us on [PHONENUMBER_1]."
1141,"Our next target region for enhancing health access is Occitanie. Prospects like Mr. Huel, from South Nico. She works as a Chief Markets Architect and can be reached via (30) 4999 3389, or Lily_Casper@gmail.com. Her feedback is crucial.","Our next target region for enhancing health access is [STATE_1]. Prospects like [PREFIX_1] [LASTNAME_1], from [CITY_1]. She works as a [JOBTITLE_1] and can be reached via [PHONENUMBER_1], or [EMAIL_1]. Her feedback is crucial."
1142,I am writing to confirm intellectual property rights for products designed under my role as Specialist. Contact number for clarification 09377.874267. Revert at your earliest convenience.,I am writing to confirm intellectual property rights for products designed under my role as [JOBTITLE_1]. Contact number for clarification [PHONENUMBER_1]. Revert at your earliest convenience.
1143,Please contact Mrs. Taylor regarding the payment status of entrepreneurial venture https://lanky-proof-reader.com. Use the provided contact - Phone +803 18.265.0515 and make sure you check the payment in 26523946 of bank WQUNZAWS.,Please contact [PREFIX_1] [MIDDLENAME_1] regarding the payment status of entrepreneurial venture [URL_1]. Use the provided contact - Phone [PHONENUMBER_1] and make sure you check the payment in [ACCOUNTNUMBER_1] of bank [BIC_1].
1144,"The maternal and child health program, for residents of 29272, aims to bring tailored healthcare in the 4234 complex, Apt. 134. Please, call our nurses at +21 612.709-2117 to schedule a visit.","The maternal and child health program, for residents of [ZIPCODE_1], aims to bring tailored healthcare in the [BUILDINGNUMBER_1] complex, [BUILDINGNUMBER_1]. Please, call our nurses at [PHONENUMBER_1] to schedule a visit."
1145,"Regarding Mathematics Education policy changes, send your suggestion to 021 2364581 using device with MAC address 56:27:58:6d:e5:bf.","Regarding Mathematics Education policy changes, send your suggestion to [PHONENUMBER_1] using device with MAC address [MAC_1]."
1146,"Our latest social responsibility project kicks off in Ornchester next month. Would you be available for a discussion about this, Skiles? You can reach me at 03 13.97 41.84.","Our latest social responsibility project kicks off in [CITY_1] next month. Would you be available for a discussion about this, [LASTNAME_1]? You can reach me at [PHONENUMBER_1]."
1147,"Hello Jefferey! Your therapist has shared some useful materials for your home practice. Check these resources at https://corny-jewellery.com. If you need technical assistance, reach us either by email at Jace28@gmail.com or by phone +21.031-012 7767.","Hello [FIRSTNAME_1]! Your therapist has shared some useful materials for your home practice. Check these resources at [URL_1]. If you need technical assistance, reach us either by email at [EMAIL_1] or by phone [PHONENUMBER_1]."
1148,We require a Central Quality Administrator talented in Infrastructure to take our school's early education framework to the next level. Contact us at 08.92 48-62-60.,We require a [JOBTITLE_1] talented in [JOBAREA_1] to take our school's early education framework to the next level. Contact us at [PHONENUMBER_1].
1149,Patient with ID 9617168310368776 has been admitted. Primary contact 051 2629 3374. Scheduled checkup with Dr Otha Bechtelar on 1940-03-26T19:34:40.476Z at 14.,Patient with ID [MASKEDNUMBER_1] has been admitted. Primary contact [PHONENUMBER_1]. Scheduled checkup with Dr [FIRSTNAME_1] [LASTNAME_1] on [DATE_1] at [TIME_1].
1150,We've a new case pending. A vessel with VIN B8M70H586PH828144 has allegedly sailed into restricted waters off the Adams County coast. Please contact us at 03 80-19-59-23 for more information.,We've a new case pending. A vessel with VIN [VEHICLEVIN_1] has allegedly sailed into restricted waters off the [COUNTY_1] coast. Please contact us at [PHONENUMBER_1] for more information.
1151,I am a Consultant living in Umbria. Can I book a session before my shift at 1:52 AM? My contact number is 000-6531891.,I am a [JOBTITLE_1] living in [STATE_1]. Can I book a session before my shift at [TIME_1]? My contact number is [PHONENUMBER_1].
1152,"Dear Jayce, Can we discuss the stakeholder strategy document? Call me at 034-9559-5356 today.","Dear [FIRSTNAME_1], Can we discuss the stakeholder strategy document? Call me at [PHONENUMBER_1] today."
1153,"(383)-3599193 franchise, detected sign-ins from unregistered 2e08:8ec9:bf5c:9ab4:a6c3:a5d5:bfda:3d8a. Please reset credentials immediately and inform the regional Mid Glamorgan management.","[PHONENUMBER_1] franchise, detected sign-ins from unregistered [IPV6_1]. Please reset credentials immediately and inform the regional [COUNTY_1] management."
1154,Accepted your request to transfer funds to account DK6505873904130084 with swift code SRHEBTKU. Funds will be available by tonight. Reach out at +695 662-265 6989 for queries.,Accepted your request to transfer funds to account [IBAN_1] with swift code [BIC_1]. Funds will be available by tonight. Reach out at [PHONENUMBER_1] for queries.
1155,"Dear Dr. Legros, I need to talk with you about Genoveva's performance. I have some ideas for improvement. Please let me know a time that works best for you for a call on +73.664.054.0152 or a reply to Tom_Schmitt@hotmail.com. Best regards, Randall (Associate)","Dear [PREFIX_1] [LASTNAME_1], I need to talk with you about [FIRSTNAME_1]'s performance. I have some ideas for improvement. Please let me know a time that works best for you for a call on [PHONENUMBER_1] or a reply to [EMAIL_1]. Best regards, [FIRSTNAME_2] ([JOBTITLE_1])"
1156,"Dear International Group Orchestrator, as a key member of Little, Corwin and Lowe, we believe your opinion is important regarding our healthcare policy. Contact 00042-143029 for more details.","Dear [JOBTITLE_1], as a key member of [ORGANIZATION_1], we believe your opinion is important regarding our [MEDICAL_1] policy. Contact [PHONENUMBER_1] for more details."
1157,"Dear Mrs. Cummerata-Ebert, as a Assistant dealing with mental health disorders, we suggest a detailed analysis of your current state. Please call back at (10) 1345.5882 at your earliest convenience.","Dear [PREFIX_1] [LASTNAME_1], as a [JOBTITLE_1] dealing with [MEDICAL_1], we suggest a detailed analysis of your current state. Please call back at [PHONENUMBER_1] at your earliest convenience."
1158,"In line with our annual tradition, we are starting to plan out the end-of-year field trip. This year we intend to visit Angelita Green Park! If any parents want to volunteer, please contact us at +16 108.729 8350.","In line with our annual tradition, we are starting to plan out the end-of-year field trip. This year we intend to visit [STREET_1] Park! If any parents want to volunteer, please contact us at [PHONENUMBER_1]."
1159,"In the field of Endocrinology, Miss Schumm has made remarkable contributions. She can be reached at +044 64.212.4227 or, alternatively, Vicky14@yahoo.com. Her current tenure is with Bradtke and Sons as a Principal Data Officer.","In the field of [MEDICAL_1], [PREFIX_1] [LASTNAME_1] has made remarkable contributions. She can be reached at [PHONENUMBER_1] or, alternatively, [EMAIL_1]. Her current tenure is with [ORGANIZATION_1] as a [JOBTITLE_1]."
1160,"Dear Mr., regarding the upcoming Endocrinology conference, I'd appreciate a confirmation of your participation. I'm available at (83).2133.2684 if you have any questions.","Dear [PREFIX_1], regarding the upcoming [MEDICAL_1] conference, I'd appreciate a confirmation of your participation. I'm available at [PHONENUMBER_1] if you have any questions."
1161,Tax law has been amended for those working with cryptocurrencies. Required: tax id and a list of your 3EkFUqPNUiZGif6urM26rqqmLRj and 0xfc1ca418ccf4eb5bfb3fbec9a8c71105dc69e683 transactions. Call +458-991-146-7671 for clarification.,Tax law has been amended for those working with cryptocurrencies. Required: tax id and a list of your [BITCOINADDRESS_1] and [ETHEREUMADDRESS_1] transactions. Call [PHONENUMBER_1] for clarification.
1162,Filing protective orders for 55086-0720. Effective by 10 PM. Contact +506 546-065.0065 for queries.,Filing protective orders for [ZIPCODE_1]. Effective by [TIME_1]. Contact [PHONENUMBER_1] for queries.
1163,"Successfully outsourced major parts of our Integration operations to O'Kon, Kulas and Graham. Connect with Josiane.Bayer@hotmail.com for any related issues. For emergencies please use this contact +66-15-170.2387.",Successfully outsourced major parts of our [JOBAREA_1] operations to [ORGANIZATION_1]. Connect with [EMAIL_1] for any related issues. For emergencies please use this contact [PHONENUMBER_1].
1164,"Joe Huel, we want to remind you of your upcoming cognitive therapy session on September 13, 1919 at 4 o'clock. Please visit us at 58783 Kris Fort Passaic 49829-4817. You may call us at (05)-3808.5421 or email us at Jayme.Deckow-Bosco89@gmail.com if you have any issues. The fees remain at лв418922.","[FIRSTNAME_1] [LASTNAME_1], we want to remind you of your upcoming [MEDICAL_1] session on [DATE_1] at [TIME_1]. Please visit us at [BUILDINGNUMBER_1] [STREET_1] [CITY_1] [ZIPCODE_1]. You may call us at [PHONENUMBER_1] or email us at [EMAIL_1] if you have any issues. The fees remain at [CURRENCYSYMBOL_1][AMOUNT_1]."
1165,Our sports coach Kristian Adams will now be taking sessions for our gifted students. You can reach him at 0188 17087875 for any queries.,Our sports coach [FIRSTNAME_1] [LASTNAME_1] will now be taking sessions for our gifted students. You can reach him at [PHONENUMBER_1] for any queries.
1166,"Hi Mr. Stark, if you are available this Friday, we would like to hear your ideas on renovating the extracurricular activities of the school. Reach us at (773).0419164 whenever you have time.","Hi [PREFIX_1] [LASTNAME_1], if you are available this Friday, we would like to hear your ideas on renovating the extracurricular activities of the school. Reach us at [PHONENUMBER_1] whenever you have time."
1167,The Tremblay and Sons Foundation is conducting a literacy program in Fort Cydneystad. Registrations are open now. Contact Walton at 055 8662.4327.,The [COMPANYNAME_1] Foundation is conducting a literacy program in [CITY_1]. Registrations are open now. Contact [FIRSTNAME_1] at [PHONENUMBER_1].
1168,We are conducting an inter-school sports meet on 21/11/1996. All participants must confirm their participation and submit their details (including 196centimeters and Eye color: Green) by 1962-12-17T13:13:20.261Z. Kindly contact 06-0528 3335 for any queries.,We are conducting an inter-school sports meet on [DATE_1]. All participants must confirm their participation and submit their details (including [HEIGHT_1] and [EYECOLOR_1]) by [DATE_1]. Kindly contact [PHONENUMBER_1] for any queries.
1169,"Inventory available at MacGyver Viaduct unit is below the desired level. Kindly, update by 1921-04-24T02:27:58.107Z. For more inquiries, reach out via Adrianna_Tremblay@hotmail.com or call 015 8846603. Please, login using Bailee.Waters and ZNkdxDgV8oAD for updating the status.","Inventory available at [STREET_1] unit is below the desired level. Kindly, update by [DATE_1]. For more inquiries, reach out via [EMAIL_1] or call [PHONENUMBER_1]. Please, login using [USERNAME_1] and [PASSWORD_1] for updating the status."
1170,"Thanks to technology, we can now reach remote areas like 8240, Griffin Squares, Rodriguezland. For instance, Ms. Wilkinson can leverage telemedicine without having to leave home. Call her at (89) 5061 6179.","Thanks to technology, we can now reach remote areas like [BUILDINGNUMBER_1], [STREET_1], [CITY_1]. For instance, [PREFIX_1] [LASTNAME_1] can leverage [MEDICAL_1] without having to leave home. Call her at [PHONENUMBER_1]."
1171,"Wendy, are there security measures for accessing student edtech profiles? We received a concerning report about a password (QSJumoZ4C1am) leak. Details are attached. Let's discuss on call, 017.836-8585.","[FIRSTNAME_1], are there security measures for accessing student edtech profiles? We received a concerning report about a password ([PASSWORD_1]) leak. Details are attached. Let's discuss on call, [PHONENUMBER_1]."
1172,"Krystina Larkin has been successfully registered for the clinical trial starting on 2/50. Your participant ID is 73-294192-788409-8. If you have any questions, please contact us at the following number +617-747 409 8098.","[FIRSTNAME_1] [LASTNAME_1] has been successfully registered for the [MEDICAL_1] starting on [DATE_1]. Your participant ID is [PHONEIMEI_1]. If you have any questions, please contact us at the following number [PHONENUMBER_1]."
1173,"Hello, I'm Taylor, a Forward Tactics Planner in the Paradigm. I'm interested in trying humanistic therapy. My phone number is +909-453.449-3180.","Hello, I'm [FIRSTNAME_1], a [JOBTITLE_1] in the [JOBAREA_1]. I'm interested in trying [MEDICAL_1]. My phone number is [PHONENUMBER_1]."
1174,I am sorry to inform you that we faced an issue regarding the monthly measurement of your Female to male transsexual man child Kaya. Please contact us at 01 49-56 60.42.,I am sorry to inform you that we faced an issue regarding the monthly measurement of your [GENDER_1] child [FIRSTNAME_1]. Please contact us at [PHONENUMBER_1].
1175,"Dear parents, our detailed Course-Related Behavioral Guidelines can be downloaded from our website Suite 377. For assistance, contact us at 032 3095538.","Dear parents, our detailed Course-Related Behavioral Guidelines can be downloaded from our website [BUILDINGNUMBER_1]. For assistance, contact us at [PHONENUMBER_1]."
1176,Update Liaison's salary and send to AL0771841365910FT062711G461F for this month's military pension pay. Inform via 0548.31314208.,Update [JOBTYPE_1]'s salary and send to [IBAN_1] for this month's military pension pay. Inform via [PHONENUMBER_1].
1177,"Dear Participant, We have scheduled a health informatics seminar on the 11/08/1932. Please register your interest by responding to this email or call us at 008-383-6113.","Dear Participant, We have scheduled a [MEDICAL_1] seminar on the [DATE_1]. Please register your interest by responding to this email or call us at [PHONENUMBER_1]."
1178,Working on Wolf and Sons's intellectual property updates. Reach Julie Cummerata at 04835.26073 for discussions.,Working on [COMPANYNAME_1]'s intellectual property updates. Reach [FIRSTNAME_1] [LASTNAME_1] at [PHONENUMBER_1] for discussions.
1179,"Dear Parents, informing you of data breach. We're confident secured information is intact and working to address the situation. Please change your portal's PIN 0955 as a precautionary measure. For further details, call 09 35-40.45.89.","Dear Parents, informing you of data breach. We're confident secured information is intact and working to address the situation. Please change your portal's PIN [PIN_1] as a precautionary measure. For further details, call [PHONENUMBER_1]."
1180,"Loraine, you’ve been selected to be the instructor for our upcoming Geometry series. You can confirm your participation at Jaden42@hotmail.com or call 01155 786181.","[FIRSTNAME_1], you’ve been selected to be the instructor for our upcoming Geometry series. You can confirm your participation at [EMAIL_1] or call [PHONENUMBER_1]."
1181,"We'll target Molise heavily in our strategies due to its relevance in Accounts. If you have queries, be in touch with Geovany30 or call (83) 3927-5708.","We'll target [STATE_1] heavily in our strategies due to its relevance in [JOBAREA_1]. If you have queries, be in touch with [USERNAME_1] or call [PHONENUMBER_1]."
1182,"FTM from Hamilton County, works within Assurance. Provides intriguing perspectives. Contact through 0213 15199435, or Addie_Hermann64@hotmail.com.","[GENDER_1] from [COUNTY_1], works within [JOBAREA_1]. Provides intriguing perspectives. Contact through [PHONENUMBER_1], or [EMAIL_1]."
1183,Miss Harris I wanted to draw your attention to a new tool that has proven quite effective in managing ADHD. Check it out on https://complex-bathrobe.name/. I will get in touch via the 06898-66188 on file.,[PREFIX_1] [LASTNAME_1] I wanted to draw your attention to a new tool that has proven quite effective in managing [MEDICAL_1]. Check it out on [URL_1]. I will get in touch via the [PHONENUMBER_1] on file.
1184,"Hello Thad Phoenix Farrell (username: Myah_Hyatt), we scheduled your therapy session with our expert in Schmittworth at 4:15 AM on 14/07/1973. Please confirm the scheduled timing at Carolina16@yahoo.com, or call us at +50 954-113 5219 if any changes are required.","Hello [FIRSTNAME_1] [MIDDLENAME_1] [LASTNAME_1] (username: [USERNAME_1]), we scheduled your [MEDICAL_1] with our expert in [CITY_1] at [TIME_1] on [DATE_1]. Please confirm the scheduled timing at [EMAIL_1], or call us at [PHONENUMBER_1] if any changes are required."
1185,"Hi Regional Assurance Specialist, follow this https://indelible-sunbonnet.biz to view past transaction details of account 18308208. For assistance, call us at 092 8311382.","Hi [JOBTITLE_1], follow this [URL_1] to view past transaction details of account [ACCOUNTNUMBER_1]. For assistance, call us at [PHONENUMBER_1]."
1186,"Legal is reviewing the intellectual property assertion in North Jewellshire. For any enquiries, contact Elenor at 067.0461-9650.","Legal is reviewing the intellectual property assertion in [CITY_1]. For any enquiries, contact [FIRSTNAME_1] at [PHONENUMBER_1]."
1187,"Orientation for new hires at Cummerata - Orn, E Union Street, Tuckahoe is scheduled. We're focusing on workplace ergonomics. For registration, contact 05051 62596.","Orientation for new hires at [ORGANIZATION_1], [STREET_1], [CITY_1] is scheduled. We're focusing on workplace ergonomics. For registration, contact [PHONENUMBER_1]."
1188,"Currently pursuing a degree in Security, I am enthusiastic about your company’s work. I would love the opportunity to contribute to your team as an intern. Please contact me at 090.647 1453 or Fausto_Volkman@hotmail.com.","Currently pursuing a degree in [JOBAREA_1], I am enthusiastic about your company’s work. I would love the opportunity to contribute to your team as an intern. Please contact me at [PHONENUMBER_1] or [EMAIL_1]."
1189,"As part of the public health initiative, we have set up a health camp in Hamilton County. This effort is overseen by Auto Loan Account, who is reachable at +394.20.304.6558.","As part of the public health initiative, we have set up a health camp in [COUNTY_1]. This effort is overseen by [ORGANIZATION_1], who is reachable at [PHONENUMBER_1]."
1190,You're scheduled to meet the patient at New Jaleelton hospital Apt. 145 department. Contact +546.784.599 9409 if any issues.,You're scheduled to meet the patient at [CITY_1] hospital [BUILDINGNUMBER_1] department. Contact [PHONENUMBER_1] if any issues.
1191,"Hello Jovanny, we noticed some signals which suggest that you may be in a crisis. We, at Lindgren, Homenick and Schulist, are here to help. Contact our crisis intervention department on this number +22.26-196 0632.","Hello [FIRSTNAME_1], we noticed some signals which suggest that you may be in a crisis. We, at [ORGANIZATION_1], are here to help. Contact our [JOBAREA_1] department on this number [PHONENUMBER_1]."
1192,"Dear Demi-boy, your payment 41080262, from East of England flagged. Call +68 142-689.2162 ASAP. CVV required 533.","Dear [GENDER_1], your payment [ACCOUNTNUMBER_1], from [STATE_1] flagged. Call [PHONENUMBER_1] ASAP. CVV required [CREDITCARDCVV_1]."
1193,"All participants are required to update their personal details, such as contact number and age, in our database. Please ensure that you avoid sharing sensitive information like your 482-66-7733 or NL69EAKN8201207210. For assistance, contact us at +506.587 089.2889.","All participants are required to update their personal details, such as contact number and age, in our database. Please ensure that you avoid sharing sensitive information like your [SSN_1] or [IBAN_1]. For assistance, contact us at [PHONENUMBER_1]."
1194,"Dear Mr. Powlowski (Jacky), Regarding your recent order, we have shipped your medical devices to your current location at Kasandra Field, 86194, Lake Norbertstead, Northwest Territories. Tracking number: 0744743088459948. Total billed: Nu0.001b. Contact: +33 099.875.5173. ETA: 2/87 16:37.","Dear [PREFIX_1] [LASTNAME_1] ([FIRSTNAME_1]), Regarding your recent order, we have shipped your medical devices to your current location at [STREET_1], [BUILDINGNUMBER_1], [CITY_1], [STATE_1]. Tracking number: [MASKEDNUMBER_1]. Total billed: [CURRENCYSYMBOL_1][AMOUNT_1]. Contact: [PHONENUMBER_1]. ETA: [DATE_1] [TIME_1]."
1195,"I'm seeking therapy. I live in 41821-3166, my email is Devyn34@yahoo.com and you can reach me at (24)-0683.7884. I'd like to start as soon as possible.","I'm seeking [MEDICAL_1]. I live in [ZIPCODE_1], my email is [EMAIL_1] and you can reach me at [PHONENUMBER_1]. I'd like to start as soon as possible."
1196,"As Cis woman, Mrs. Smitham, you should be aware that the risk of breast cancer is there. We recommend our updated screening procedure. If interested, contact us on 07-9586-0749 or email at Penelope_Stark17@hotmail.com.","As [GENDER_1], [PREFIX_1] [LASTNAME_1], you should be aware that the risk of [MEDICAL_1] is there. We recommend our updated screening procedure. If interested, contact us on [PHONENUMBER_1] or email at [EMAIL_1]."
1197,Booking confirmation for the educational leadership conference. Reference Number: 7819906195430558. Let Damon know at +611-006-618.7837 if you need assistance.,Booking confirmation for the educational leadership conference. Reference Number: [MASKEDNUMBER_1]. Let [FIRSTNAME_1] know at [PHONENUMBER_1] if you need assistance.
1198,"After attending the IP workshop, we've identified a requirement to apply for patents. Can you guide us in this matter? Our Architect can be contacted at 0414.57824332.","After attending the IP workshop, we've identified a requirement to apply for patents. Can you guide us in this matter? Our [JOBTITLE_1] can be contacted at [PHONENUMBER_1]."
